,num_requests,address
0,50,78.46.149.30
1,2,216.144.248.28
2,2,216.144.248.21
3,26,5.116.125.169
4,2,3.20.63.178
5,66,5.75.76.147
6,2,52.15.147.27
7,12,5.212.128.0
8,8,85.158.145.202
9,2,5.209.113.171
10,70,195.114.5.86
11,156,2a06:98c0:3600::103
12,74,5.213.252.220
13,2,193.176.242.219
14,8,5.119.140.136
15,78,31.7.122.72
16,2,66.249.66.18
17,94,83.122.208.234
18,16,10.42.174.0
19,32,46.51.126.202
20,16,86.55.225.195
21,2,104.28.155.177
22,20,5.216.71.71
23,20,89.196.90.152
24,14,10.42.112.193
25,4,94.101.176.69
26,10,93.110.31.126
27,2,34.198.201.66
28,28,10.42.32.192
29,2,66.249.64.76
30,68,5.121.115.69
31,2,151.245.130.74
32,4,216.245.221.83
33,24,5.214.97.228
34,2,72.14.201.42
35,4,94.101.177.29
36,12,94.24.18.210
37,98,5.114.225.105
38,74,5.213.232.239
39,24,5.127.38.209
40,102,91.251.69.142
41,24,5.120.0.247
42,56,194.147.222.90
43,4,17.241.219.143
44,6,83.121.126.184
45,2,54.167.223.174
46,8,34.192.48.6
47,4,54.88.179.33
48,2,89.196.247.233
49,24,10.42.15.128
50,24,37.44.56.46
51,230,178.216.250.137
52,2,74.125.208.7
53,24,5.126.144.226
54,66,5.117.202.229
55,6,66.249.66.21
56,34,5.209.10.215
57,2,35.84.118.171
58,18,10.42.23.128
59,46,5.214.44.252
60,0,
61,10,66.249.66.20
62,94,5.213.25.178
63,2,69.162.124.229
64,4,5.112.253.6
65,28,2.147.157.88
66,24,10.42.233.0
67,78,5.119.57.239
68,18,146.19.254.37
69,4,66.249.66.22
70,8,5.127.66.115
71,2,83.123.193.105
72,2,5.116.38.56
73,2,45.129.38.66
74,6,36.255.94.53
75,6,5.127.41.147
76,34,5.119.128.222
77,2,138.246.253.24
78,44,185.86.181.170
79,24,2.147.218.30
80,2,52.22.236.30
81,76,5.123.207.126
82,4,94.101.178.38
83,2,37.137.11.143
84,2,5.209.209.152
85,2,114.119.142.247
